t[years],x[hares],y[lynx]
1899.905267,30.33726813,4.10101
1900.952782,46.58912806,6.148695566
1902.007737,68.67374268,9.950401746
1902.95308,74.82243825,34.76044043
1903.975796,36.63178256,56.85199881
1904.936514,19.83483781,41.221605
1905.960222,17.42188275,19.75498462
1906.812816,20.85556988,13.068148
1907.884138,20.77224482,8.710941375
1908.961413,25.3551235,9.01646662
1909.856165,26.84108719,7.39857157
1910.89872,39.204444,7.315246503
1911.855967,54.68554707,11.52316238
1912.9506,72.87818669,18.82799325
1913.859736,50.64080944,43.25612538
1914.846245,19.06408094,49.005555
1915.816883,10.04414245,29.09433588
1916.795457,7.245808948,15.41166551
1917.785438,13.39103264,9.117151076
1918.85924,15.25195913,9.040769765
1920,25.3131,8.183215951
